clave,valor,subcategoria,uso,grupo,grupo_nombre,tipo_de_regla
"landuse","aquaculture","agua","Cuerpo de agua","ambiente","Ambiente y zona rural","etiqueta OSM"
"landuse","basin","agua","Cuerpo de agua","ambiente","Ambiente y zona rural","etiqueta OSM"
"landuse","salt_pond","agua","Cuerpo de agua","ambiente","Ambiente y zona rural","etiqueta OSM"
"natural","water","agua","Cuerpo de agua","ambiente","Ambiente y zona rural","etiqueta OSM"
"natural","wetland","agua","Cuerpo de agua","ambiente","Ambiente y zona rural","etiqueta OSM"
"landuse","allotments","verde_natural","Verde natural","ambiente","Ambiente y zona rural","etiqueta OSM"
"building","barn","verde_natural","Verde natural","ambiente","Ambiente y zona rural","etiqueta OSM"
"building","cowshed","verde_natural","Verde natural","ambiente","Ambiente y zona rural","etiqueta OSM"
"building","farm","verde_natural","Verde natural","ambiente","Ambiente y zona rural","etiqueta OSM"
"landuse","farmland","verde_natural","Verde natural","ambiente","Ambiente y zona rural","etiqueta OSM"
"landuse","farmyard","verde_natural","Verde natural","ambiente","Ambiente y zona rural","etiqueta OSM"
"landuse","forest","verde_natural","Verde natural","ambiente","Ambiente y zona rural","etiqueta OSM"
"natural","grassland","verde_natural","Verde natural","ambiente","Ambiente y zona rural","etiqueta OSM"
"building","greenhouse","verde_natural","Verde natural","ambiente","Ambiente y zona rural","etiqueta OSM"
"landuse","greenhouse_horticulture","verde_natural","Verde natural","ambiente","Ambiente y zona rural","etiqueta OSM"
"landuse","meadow","verde_natural","Verde natural","ambiente","Ambiente y zona rural","etiqueta OSM"
"leisure","nature_reserve","verde_natural","Verde natural","ambiente","Ambiente y zona rural","etiqueta OSM"
"landuse","orchard","verde_natural","Verde natural","ambiente","Ambiente y zona rural","etiqueta OSM"
"landuse","plant_nursery","verde_natural","Verde natural","ambiente","Ambiente y zona rural","etiqueta OSM"
"natural","scrub","verde_natural","Verde natural","ambiente","Ambiente y zona rural","etiqueta OSM"
"building","stable","verde_natural","Verde natural","ambiente","Ambiente y zona rural","etiqueta OSM"
"building","sty","verde_natural","Verde natural","ambiente","Ambiente y zona rural","etiqueta OSM"
"landuse","vineyard","verde_natural","Verde natural","ambiente","Ambiente y zona rural","etiqueta OSM"
"natural","wood","verde_natural","Verde natural","ambiente","Ambiente y zona rural","etiqueta OSM"
"shop","atv","automotriz","Automotriz / Taller","comercio","Comercio y economía","etiqueta OSM"
"shop","boat","automotriz","Automotriz / Taller","comercio","Comercio y economía","etiqueta OSM"
"shop","car","automotriz","Automotriz / Taller","comercio","Comercio y economía","etiqueta OSM"
"shop","car_parts","automotriz","Automotriz / Taller","comercio","Comercio y economía","etiqueta OSM"
"shop","car_repair","automotriz","Automotriz / Taller","comercio","Comercio y economía","etiqueta OSM"
"amenity","car_wash","automotriz","Automotriz / Taller","comercio","Comercio y economía","etiqueta OSM"
"shop","caravan","automotriz","Automotriz / Taller","comercio","Comercio y economía","etiqueta OSM"
"name","lavadero de autos","automotriz","Automotriz / Taller","comercio","Comercio y economía","palabra en el nombre"
"name","lavadero de carros","automotriz","Automotriz / Taller","comercio","Comercio y economía","palabra en el nombre"
"name","lavadero de motos","automotriz","Automotriz / Taller","comercio","Comercio y economía","palabra en el nombre"
"name","montallantas","automotriz","Automotriz / Taller","comercio","Comercio y economía","palabra en el nombre"
"shop","motorcycle","automotriz","Automotriz / Taller","comercio","Comercio y economía","etiqueta OSM"
"shop","motorcycle_parts","automotriz","Automotriz / Taller","comercio","Comercio y economía","etiqueta OSM"
"shop","motorcycle_repair","automotriz","Automotriz / Taller","comercio","Comercio y economía","etiqueta OSM"
"name","repuestos","automotriz","Automotriz / Taller","comercio","Comercio y economía","palabra en el nombre"
"name","serviteca","automotriz","Automotriz / Taller","comercio","Comercio y economía","palabra en el nombre"
"name","taller","automotriz","Automotriz / Taller","comercio","Comercio y economía","palabra en el nombre"
"name","tecnimec","automotriz","Automotriz / Taller","comercio","Comercio y economía","palabra en el nombre"
"shop","truck","automotriz","Automotriz / Taller","comercio","Comercio y economía","etiqueta OSM"
"shop","truck_repair","automotriz","Automotriz / Taller","comercio","Comercio y economía","etiqueta OSM"
"shop","tyres","automotriz","Automotriz / Taller","comercio","Comercio y economía","etiqueta OSM"
"amenity","vehicle_inspection","automotriz","Automotriz / Taller","comercio","Comercio y economía","etiqueta OSM"
"amenity","atm","banco","Banco / Cajero","comercio","Comercio y economía","etiqueta OSM"
"name/brand","av villas","banco","Banco / Cajero","comercio","Comercio y economía","marca reconocida"
"name/brand","baloto","banco","Banco / Cajero","comercio","Comercio y economía","marca reconocida"
"name/brand","banagrario","banco","Banco / Cajero","comercio","Comercio y economía","marca reconocida"
"name/brand","banco agrario","banco","Banco / Cajero","comercio","Comercio y economía","marca reconocida"
"name/brand","banco caja social","banco","Banco / Cajero","comercio","Comercio y economía","marca reconocida"
"name/brand","banco de bogota","banco","Banco / Cajero","comercio","Comercio y economía","marca reconocida"
"name/brand","banco popular","banco","Banco / Cajero","comercio","Comercio y economía","marca reconocida"
"name/brand","bancolombia","banco","Banco / Cajero","comercio","Comercio y economía","marca reconocida"
"name/brand","bancoomeva","banco","Banco / Cajero","comercio","Comercio y economía","marca reconocida"
"amenity","bank","banco","Banco / Cajero","comercio","Comercio y economía","etiqueta OSM"
"name/brand","bbva","banco","Banco / Cajero","comercio","Comercio y economía","marca reconocida"
"amenity","bureau_de_change","banco","Banco / Cajero","comercio","Comercio y economía","etiqueta OSM"
"name/brand","cajero autom","banco","Banco / Cajero","comercio","Comercio y economía","marca reconocida"
"name/brand","colpatria","banco","Banco / Cajero","comercio","Comercio y economía","marca reconocida"
"name/brand","daviplata","banco","Banco / Cajero","comercio","Comercio y economía","marca reconocida"
"name/brand","davivienda","banco","Banco / Cajero","comercio","Comercio y economía","marca reconocida"
"name/brand","efecty","banco","Banco / Cajero","comercio","Comercio y economía","marca reconocida"
"name/brand","itau","banco","Banco / Cajero","comercio","Comercio y economía","marca reconocida"
"amenity","money_transfer","banco","Banco / Cajero","comercio","Comercio y economía","etiqueta OSM"
"name/brand","nequi","banco","Banco / Cajero","comercio","Comercio y economía","marca reconocida"
"name/brand","scotiabank","banco","Banco / Cajero","comercio","Comercio y economía","marca reconocida"
"name","barberia","belleza","Peluquería / Belleza","comercio","Comercio y economía","palabra en el nombre"
"shop","beauty","belleza","Peluquería / Belleza","comercio","Comercio y economía","etiqueta OSM"
"shop","cosmetics","belleza","Peluquería / Belleza","comercio","Comercio y economía","etiqueta OSM"
"name","estetica","belleza","Peluquería / Belleza","comercio","Comercio y economía","palabra en el nombre"
"shop","hairdresser","belleza","Peluquería / Belleza","comercio","Comercio y economía","etiqueta OSM"
"shop","massage","belleza","Peluquería / Belleza","comercio","Comercio y economía","etiqueta OSM"
"name","peluqueria","belleza","Peluquería / Belleza","comercio","Comercio y economía","palabra en el nombre"
"shop","perfumery","belleza","Peluquería / Belleza","comercio","Comercio y economía","etiqueta OSM"
"name","salon de belleza","belleza","Peluquería / Belleza","comercio","Comercio y economía","palabra en el nombre"
"name","spa","belleza","Peluquería / Belleza","comercio","Comercio y economía","palabra en el nombre"
"shop","tattoo","belleza","Peluquería / Belleza","comercio","Comercio y economía","etiqueta OSM"
"name","unas","belleza","Peluquería / Belleza","comercio","Comercio y economía","palabra en el nombre"
"amenity","cafe","cafeteria","Cafetería","comercio","Comercio y economía","etiqueta OSM"
"name/brand","cafe de","cafeteria","Cafetería","comercio","Comercio y economía","marca reconocida"
"name/brand","cafe quindio","cafeteria","Cafetería","comercio","Comercio y economía","marca reconocida"
"name/brand","cafeteria","cafeteria","Cafetería","comercio","Comercio y economía","marca reconocida"
"shop","coffee","cafeteria","Cafetería","comercio","Comercio y economía","etiqueta OSM"
"name/brand","crepes waffles","cafeteria","Cafetería","comercio","Comercio y economía","marca reconocida"
"name/brand","dunkin","cafeteria","Cafetería","comercio","Comercio y economía","marca reconocida"
"name/brand","juan valdez","cafeteria","Cafetería","comercio","Comercio y economía","marca reconocida"
"amenity","juice_bar","cafeteria","Cafetería","comercio","Comercio y economía","etiqueta OSM"
"name/brand","mimos","cafeteria","Cafetería","comercio","Comercio y economía","marca reconocida"
"name/brand","oma","cafeteria","Cafetería","comercio","Comercio y economía","marca reconocida"
"name/brand","starbucks","cafeteria","Cafetería","comercio","Comercio y economía","marca reconocida"
"shop","tea","cafeteria","Cafetería","comercio","Comercio y economía","etiqueta OSM"
"name/brand","tostao","cafeteria","Cafetería","comercio","Comercio y economía","marca reconocida"
"tourism","camp_site","camping","Camping / zona de acampada","comercio","Comercio y economía","etiqueta OSM"
"tourism","caravan_site","camping","Camping / zona de acampada","comercio","Comercio y economía","etiqueta OSM"
"name/brand","ccs","centro_comercial","Centro comercial","comercio","Comercio y economía","marca reconocida"
"name/brand","centro comercial","centro_comercial","Centro comercial","comercio","Comercio y economía","marca reconocida"
"shop","department_store","centro_comercial","Centro comercial","comercio","Comercio y economía","etiqueta OSM"
"name/brand","jardin plaza","centro_comercial","Centro comercial","comercio","Comercio y economía","marca reconocida"
"shop","mall","centro_comercial","Centro comercial","comercio","Comercio y economía","etiqueta OSM"
"name/brand","mayorca","centro_comercial","Centro comercial","comercio","Comercio y economía","marca reconocida"
"name/brand","plaza del este","centro_comercial","Centro comercial","comercio","Comercio y economía","marca reconocida"
"name/brand","unicentro","centro_comercial","Centro comercial","comercio","Comercio y economía","marca reconocida"
"name/brand","ventura","centro_comercial","Centro comercial","comercio","Comercio y economía","marca reconocida"
"name/brand","viva","centro_comercial","Centro comercial","comercio","Comercio y economía","marca reconocida"
"name","almacen","comercio_local","Comercio / Servicio local","comercio","Comercio y economía","palabra en el nombre"
"name","comercial","comercio_local","Comercio / Servicio local","comercio","Comercio y economía","palabra en el nombre"
"name","mini mercado","comercio_local","Comercio / Servicio local","comercio","Comercio y economía","palabra en el nombre"
"name","surtido","comercio_local","Comercio / Servicio local","comercio","Comercio y economía","palabra en el nombre"
"shop","rental","comercio_otro","Comercio general","comercio","Comercio y economía","etiqueta OSM"
"shop","yes","comercio_otro","Comercio general","comercio","Comercio y economía","etiqueta OSM"
"shop","appliance","ferreteria","Ferretería / Materiales","comercio","Comercio y economía","etiqueta OSM"
"shop","bathroom_furnishing","ferreteria","Ferretería / Materiales","comercio","Comercio y economía","etiqueta OSM"
"shop","building_materials","ferreteria","Ferretería / Materiales","comercio","Comercio y economía","etiqueta OSM"
"name","cacharreria electrica","ferreteria","Ferretería / Materiales","comercio","Comercio y economía","palabra en el nombre"
"name","deposito de materiales","ferreteria","Ferretería / Materiales","comercio","Comercio y economía","palabra en el nombre"
"shop","doityourself","ferreteria","Ferretería / Materiales","comercio","Comercio y economía","etiqueta OSM"
"shop","electrical","ferreteria","Ferretería / Materiales","comercio","Comercio y economía","etiqueta OSM"
"name","ferreteria","ferreteria","Ferretería / Materiales","comercio","Comercio y economía","palabra en el nombre"
"shop","fireplace","ferreteria","Ferretería / Materiales","comercio","Comercio y economía","etiqueta OSM"
"shop","flooring","ferreteria","Ferretería / Materiales","comercio","Comercio y economía","etiqueta OSM"
"shop","glaziery","ferreteria","Ferretería / Materiales","comercio","Comercio y economía","etiqueta OSM"
"shop","hardware","ferreteria","Ferretería / Materiales","comercio","Comercio y economía","etiqueta OSM"
"shop","hardware_store","ferreteria","Ferretería / Materiales","comercio","Comercio y economía","etiqueta OSM"
"shop","lighting","ferreteria","Ferretería / Materiales","comercio","Comercio y economía","etiqueta OSM"
"shop","locksmith","ferreteria","Ferretería / Materiales","comercio","Comercio y economía","etiqueta OSM"
"name","materiales de construc","ferreteria","Ferretería / Materiales","comercio","Comercio y economía","palabra en el nombre"
"shop","paint","ferreteria","Ferretería / Materiales","comercio","Comercio y economía","etiqueta OSM"
"shop","plumbing","ferreteria","Ferretería / Materiales","comercio","Comercio y economía","etiqueta OSM"
"shop","swimming_pool","ferreteria","Ferretería / Materiales","comercio","Comercio y economía","etiqueta OSM"
"shop","tiles","ferreteria","Ferretería / Materiales","comercio","Comercio y economía","etiqueta OSM"
"shop","trade","ferreteria","Ferretería / Materiales","comercio","Comercio y economía","etiqueta OSM"
"shop","window_blind","ferreteria","Ferretería / Materiales","comercio","Comercio y economía","etiqueta OSM"
"name/brand","biomax","gasolinera","Estación de servicio","comercio","Comercio y economía","marca reconocida"
"amenity","charging_station","gasolinera","Estación de servicio","comercio","Comercio y economía","etiqueta OSM"
"name/brand","eds","gasolinera","Estación de servicio","comercio","Comercio y economía","marca reconocida"
"name/brand","esso","gasolinera","Estación de servicio","comercio","Comercio y economía","marca reconocida"
"name/brand","estacion de servicio","gasolinera","Estación de servicio","comercio","Comercio y economía","marca reconocida"
"amenity","fuel","gasolinera","Estación de servicio","comercio","Comercio y economía","etiqueta OSM"
"shop","fuel","gasolinera","Estación de servicio","comercio","Comercio y economía","etiqueta OSM"
"name/brand","gazel","gasolinera","Estación de servicio","comercio","Comercio y economía","marca reconocida"
"name/brand","mobil","gasolinera","Estación de servicio","comercio","Comercio y economía","marca reconocida"
"name/brand","petrobras","gasolinera","Estación de servicio","comercio","Comercio y economía","marca reconocida"
"name/brand","primax","gasolinera","Estación de servicio","comercio","Comercio y economía","marca reconocida"
"name/brand","puma energy","gasolinera","Estación de servicio","comercio","Comercio y economía","marca reconocida"
"name/brand","terpel","gasolinera","Estación de servicio","comercio","Comercio y economía","marca reconocida"
"name/brand","texaco","gasolinera","Estación de servicio","comercio","Comercio y economía","marca reconocida"
"name/brand","zeuss","gasolinera","Estación de servicio","comercio","Comercio y economía","marca reconocida"
"tourism","alpine_hut","hotel","Hotel / Hospedaje","comercio","Comercio y economía","etiqueta OSM"
"name/brand","aparta hotel","hotel","Hotel / Hospedaje","comercio","Comercio y economía","marca reconocida"
"tourism","apartment","hotel","Hotel / Hospedaje","comercio","Comercio y economía","etiqueta OSM"
"tourism","chalet","hotel","Hotel / Hospedaje","comercio","Comercio y economía","etiqueta OSM"
"tourism","guest_house","hotel","Hotel / Hospedaje","comercio","Comercio y economía","etiqueta OSM"
"name/brand","holiday inn","hotel","Hotel / Hospedaje","comercio","Comercio y economía","marca reconocida"
"name/brand","hospedaje","hotel","Hotel / Hospedaje","comercio","Comercio y economía","marca reconocida"
"name","hospedaje","hotel","Hotel / Hospedaje","comercio","Comercio y economía","palabra en el nombre"
"name/brand","hostal","hotel","Hotel / Hospedaje","comercio","Comercio y economía","marca reconocida"
"name","hostal","hotel","Hotel / Hospedaje","comercio","Comercio y economía","palabra en el nombre"
"tourism","hostel","hotel","Hotel / Hospedaje","comercio","Comercio y economía","etiqueta OSM"
"tourism","hotel","hotel","Hotel / Hospedaje","comercio","Comercio y economía","etiqueta OSM"
"building","hotel","hotel","Hotel / Hospedaje","comercio","Comercio y economía","etiqueta OSM"
"name/brand","hotel","hotel","Hotel / Hospedaje","comercio","Comercio y economía","marca reconocida"
"name","hotel","hotel","Hotel / Hospedaje","comercio","Comercio y economía","palabra en el nombre"
"name/brand","ibis","hotel","Hotel / Hospedaje","comercio","Comercio y economía","marca reconocida"
"amenity","love_hotel","hotel","Hotel / Hospedaje","comercio","Comercio y economía","etiqueta OSM"
"tourism","motel","hotel","Hotel / Hospedaje","comercio","Comercio y economía","etiqueta OSM"
"name","posada","hotel","Hotel / Hospedaje","comercio","Comercio y economía","palabra en el nombre"
"name","residencia","hotel","Hotel / Hospedaje","comercio","Comercio y economía","palabra en el nombre"
"tourism","wilderness_hut","hotel","Hotel / Hospedaje","comercio","Comercio y economía","etiqueta OSM"
"amenity","internet_cafe","internet_cafe","Café internet","comercio","Comercio y economía","etiqueta OSM"
"shop","dry_cleaning","lavanderia","Lavandería","comercio","Comercio y economía","etiqueta OSM"
"shop","laundry","lavanderia","Lavandería","comercio","Comercio y economía","etiqueta OSM"
"name","lavanderia","lavanderia","Lavandería","comercio","Comercio y economía","palabra en el nombre"
"name","lavaseco","lavanderia","Lavandería","comercio","Comercio y economía","palabra en el nombre"
"shop","alcohol","licorera","Licorera / Estanco","comercio","Comercio y economía","etiqueta OSM"
"shop","beverages","licorera","Licorera / Estanco","comercio","Comercio y economía","etiqueta OSM"
"name","cigarreria","licorera","Licorera / Estanco","comercio","Comercio y economía","palabra en el nombre"
"name","distribuidora de licores","licorera","Licorera / Estanco","comercio","Comercio y economía","palabra en el nombre"
"shop","e-cigarette","licorera","Licorera / Estanco","comercio","Comercio y economía","etiqueta OSM"
"name","estanco","licorera","Licorera / Estanco","comercio","Comercio y economía","palabra en el nombre"
"name","licoreria","licorera","Licorera / Estanco","comercio","Comercio y economía","palabra en el nombre"
"shop","tobacco","licorera","Licorera / Estanco","comercio","Comercio y economía","etiqueta OSM"
"shop","water","licorera","Licorera / Estanco","comercio","Comercio y economía","etiqueta OSM"
"shop","wine","licorera","Licorera / Estanco","comercio","Comercio y economía","etiqueta OSM"
"landuse","commercial","local_comercial","Local comercial","comercio","Comercio y economía","etiqueta OSM"
"building","commercial","local_comercial","Local comercial","comercio","Comercio y economía","etiqueta OSM"
"building","kiosk","local_comercial","Local comercial","comercio","Comercio y economía","etiqueta OSM"
"amenity","marketplace","local_comercial","Local comercial","comercio","Comercio y economía","etiqueta OSM"
"landuse","retail","local_comercial","Local comercial","comercio","Comercio y economía","etiqueta OSM"
"building","retail","local_comercial","Local comercial","comercio","Comercio y economía","etiqueta OSM"
"shop","trade_centre","local_comercial","Local comercial","comercio","Comercio y economía","etiqueta OSM"
"shop","bed","muebles_hogar","Muebles y hogar","comercio","Comercio y economía","etiqueta OSM"
"shop","carpet","muebles_hogar","Muebles y hogar","comercio","Comercio y economía","etiqueta OSM"
"name","carpinteria","muebles_hogar","Muebles y hogar","comercio","Comercio y economía","palabra en el nombre"
"name","colchones","muebles_hogar","Muebles y hogar","comercio","Comercio y economía","palabra en el nombre"
"shop","curtain","muebles_hogar","Muebles y hogar","comercio","Comercio y economía","etiqueta OSM"
"shop","frame","muebles_hogar","Muebles y hogar","comercio","Comercio y economía","etiqueta OSM"
"shop","furniture","muebles_hogar","Muebles y hogar","comercio","Comercio y economía","etiqueta OSM"
"shop","houseware","muebles_hogar","Muebles y hogar","comercio","Comercio y economía","etiqueta OSM"
"shop","interior_decoration","muebles_hogar","Muebles y hogar","comercio","Comercio y economía","etiqueta OSM"
"shop","kitchen","muebles_hogar","Muebles y hogar","comercio","Comercio y economía","etiqueta OSM"
"name","muebles","muebles_hogar","Muebles y hogar","comercio","Comercio y economía","palabra en el nombre"
"shop","pottery","muebles_hogar","Muebles y hogar","comercio","Comercio y economía","etiqueta OSM"
"name","tapiceria","muebles_hogar","Muebles y hogar","comercio","Comercio y economía","palabra en el nombre"
"shop","bookmaker","pagos","Corresponsal / Pagos","comercio","Comercio y economía","etiqueta OSM"
"shop","lottery","pagos","Corresponsal / Pagos","comercio","Comercio y economía","etiqueta OSM"
"amenity","mobile_money_agent","pagos","Corresponsal / Pagos","comercio","Comercio y economía","etiqueta OSM"
"shop","money_lender","pagos","Corresponsal / Pagos","comercio","Comercio y economía","etiqueta OSM"
"shop","pawnbroker","pagos","Corresponsal / Pagos","comercio","Comercio y economía","etiqueta OSM"
"amenity","payment_centre","pagos","Corresponsal / Pagos","comercio","Comercio y economía","etiqueta OSM"
"amenity","payment_terminal","pagos","Corresponsal / Pagos","comercio","Comercio y economía","etiqueta OSM"
"building","bakehouse","panaderia","Panadería","comercio","Comercio y economía","etiqueta OSM"
"shop","bakery","panaderia","Panadería","comercio","Comercio y economía","etiqueta OSM"
"name/brand","bimbo","panaderia","Panadería","comercio","Comercio y economía","marca reconocida"
"name","bizcocheria","panaderia","Panadería","comercio","Comercio y economía","palabra en el nombre"
"shop","confectionery","panaderia","Panadería","comercio","Comercio y economía","etiqueta OSM"
"name/brand","kokoriko","panaderia","Panadería","comercio","Comercio y economía","marca reconocida"
"name/brand","panaderia","panaderia","Panadería","comercio","Comercio y economía","marca reconocida"
"name","panaderia","panaderia","Panadería","comercio","Comercio y economía","palabra en el nombre"
"name/brand","pasteleria","panaderia","Panadería","comercio","Comercio y economía","marca reconocida"
"name","pasteleria","panaderia","Panadería","comercio","Comercio y economía","palabra en el nombre"
"shop","pastry","panaderia","Panadería","comercio","Comercio y economía","etiqueta OSM"
"name/brand","reposteria","panaderia","Panadería","comercio","Comercio y economía","marca reconocida"
"name","reposteria","panaderia","Panadería","comercio","Comercio y economía","palabra en el nombre"
"shop","books","papeleria","Papelería / Librería","comercio","Comercio y economía","etiqueta OSM"
"shop","copyshop","papeleria","Papelería / Librería","comercio","Comercio y economía","etiqueta OSM"
"name","fotocopias","papeleria","Papelería / Librería","comercio","Comercio y economía","palabra en el nombre"
"name","libreria","papeleria","Papelería / Librería","comercio","Comercio y economía","palabra en el nombre"
"name","miscelanea","papeleria","Papelería / Librería","comercio","Comercio y economía","palabra en el nombre"
"shop","newsagent","papeleria","Papelería / Librería","comercio","Comercio y economía","etiqueta OSM"
"shop","office_supplies","papeleria","Papelería / Librería","comercio","Comercio y economía","etiqueta OSM"
"name","papeleria","papeleria","Papelería / Librería","comercio","Comercio y economía","palabra en el nombre"
"shop","stationery","papeleria","Papelería / Librería","comercio","Comercio y economía","etiqueta OSM"
"name/brand","archies","restaurante","Restaurante","comercio","Comercio y economía","marca reconocida"
"name/brand","asadero","restaurante","Restaurante","comercio","Comercio y economía","marca reconocida"
"name","asadero","restaurante","Restaurante","comercio","Comercio y economía","palabra en el nombre"
"name/brand","burger king","restaurante","Restaurante","comercio","Comercio y economía","marca reconocida"
"name","comidas rapidas","restaurante","Restaurante","comercio","Comercio y economía","palabra en el nombre"
"name/brand","corral gourmet","restaurante","Restaurante","comercio","Comercio y economía","marca reconocida"
"name/brand","dominos","restaurante","Restaurante","comercio","Comercio y economía","marca reconocida"
"name/brand","el corral","restaurante","Restaurante","comercio","Comercio y economía","marca reconocida"
"amenity","fast_food","restaurante","Restaurante","comercio","Comercio y economía","etiqueta OSM"
"amenity","food_court","restaurante","Restaurante","comercio","Comercio y economía","etiqueta OSM"
"name/brand","frisby","restaurante","Restaurante","comercio","Comercio y economía","marca reconocida"
"name","fritangueria","restaurante","Restaurante","comercio","Comercio y economía","palabra en el nombre"
"name","heladeria","restaurante","Restaurante","comercio","Comercio y economía","palabra en el nombre"
"amenity","ice_cream","restaurante","Restaurante","comercio","Comercio y economía","etiqueta OSM"
"name/brand","kfc","restaurante","Restaurante","comercio","Comercio y economía","marca reconocida"
"name","marisqueria","restaurante","Restaurante","comercio","Comercio y economía","palabra en el nombre"
"name/brand","mcdonald","restaurante","Restaurante","comercio","Comercio y economía","marca reconocida"
"name/brand","papa john","restaurante","Restaurante","comercio","Comercio y economía","marca reconocida"
"name","piquetead","restaurante","Restaurante","comercio","Comercio y economía","palabra en el nombre"
"name/brand","pizzeria","restaurante","Restaurante","comercio","Comercio y economía","marca reconocida"
"name","pizzeria","restaurante","Restaurante","comercio","Comercio y economía","palabra en el nombre"
"name/brand","presto","restaurante","Restaurante","comercio","Comercio y economía","marca reconocida"
"amenity","restaurant","restaurante","Restaurante","comercio","Comercio y economía","etiqueta OSM"
"name/brand","restaurante","restaurante","Restaurante","comercio","Comercio y economía","marca reconocida"
"name","restaurante","restaurante","Restaurante","comercio","Comercio y economía","palabra en el nombre"
"name/brand","sandwich qbano","restaurante","Restaurante","comercio","Comercio y economía","marca reconocida"
"name/brand","subway","restaurante","Restaurante","comercio","Comercio y economía","marca reconocida"
"name/brand","sushi","restaurante","Restaurante","comercio","Comercio y economía","marca reconocida"
"name/brand","wok","restaurante","Restaurante","comercio","Comercio y economía","marca reconocida"
"shop","baby_goods","ropa","Ropa y calzado","comercio","Comercio y economía","etiqueta OSM"
"shop","bag","ropa","Ropa y calzado","comercio","Comercio y economía","etiqueta OSM"
"shop","boutique","ropa","Ropa y calzado","comercio","Comercio y economía","etiqueta OSM"
"name","boutique","ropa","Ropa y calzado","comercio","Comercio y economía","palabra en el nombre"
"name","calzado","ropa","Ropa y calzado","comercio","Comercio y economía","palabra en el nombre"
"shop","clothes","ropa","Ropa y calzado","comercio","Comercio y economía","etiqueta OSM"
"name","confecciones","ropa","Ropa y calzado","comercio","Comercio y economía","palabra en el nombre"
"shop","fabric","ropa","Ropa y calzado","comercio","Comercio y economía","etiqueta OSM"
"shop","fashion_accessories","ropa","Ropa y calzado","comercio","Comercio y economía","etiqueta OSM"
"shop","jewelry","ropa","Ropa y calzado","comercio","Comercio y economía","etiqueta OSM"
"shop","leather","ropa","Ropa y calzado","comercio","Comercio y economía","etiqueta OSM"
"name","lenceria","ropa","Ropa y calzado","comercio","Comercio y economía","palabra en el nombre"
"name","modas","ropa","Ropa y calzado","comercio","Comercio y economía","palabra en el nombre"
"name","sastreria","ropa","Ropa y calzado","comercio","Comercio y economía","palabra en el nombre"
"shop","second_hand","ropa","Ropa y calzado","comercio","Comercio y economía","etiqueta OSM"
"shop","sewing","ropa","Ropa y calzado","comercio","Comercio y economía","etiqueta OSM"
"shop","shoes","ropa","Ropa y calzado","comercio","Comercio y economía","etiqueta OSM"
"shop","tailor","ropa","Ropa y calzado","comercio","Comercio y economía","etiqueta OSM"
"shop","watches","ropa","Ropa y calzado","comercio","Comercio y economía","etiqueta OSM"
"name","zapateria","ropa","Ropa y calzado","comercio","Comercio y economía","palabra en el nombre"
"amenity","conference_centre","salon_eventos","Salón de eventos","comercio","Comercio y economía","etiqueta OSM"
"amenity","events_venue","salon_eventos","Salón de eventos","comercio","Comercio y economía","etiqueta OSM"
"amenity","exhibition_centre","salon_eventos","Salón de eventos","comercio","Comercio y economía","etiqueta OSM"
"name/brand","carulla","supermercado","Supermercado","comercio","Comercio y economía","marca reconocida"
"name/brand","consumo","supermercado","Supermercado","comercio","Comercio y economía","marca reconocida"
"name/brand","exito","supermercado","Supermercado","comercio","Comercio y economía","marca reconocida"
"name/brand","jumbo","supermercado","Supermercado","comercio","Comercio y economía","marca reconocida"
"name/brand","la 14","supermercado","Supermercado","comercio","Comercio y economía","marca reconocida"
"name/brand","makro","supermercado","Supermercado","comercio","Comercio y economía","marca reconocida"
"name/brand","metro","supermercado","Supermercado","comercio","Comercio y economía","marca reconocida"
"name/brand","olimpica","supermercado","Supermercado","comercio","Comercio y economía","marca reconocida"
"name/brand","pricesmart","supermercado","Supermercado","comercio","Comercio y economía","marca reconocida"
"shop","supermarket","supermercado","Supermercado","comercio","Comercio y economía","etiqueta OSM"
"building","supermarket","supermercado","Supermercado","comercio","Comercio y economía","etiqueta OSM"
"shop","wholesale","supermercado","Supermercado","comercio","Comercio y economía","etiqueta OSM"
"shop","camera","tecnologia","Tecnología / Electrónica","comercio","Comercio y economía","etiqueta OSM"
"name","celulares","tecnologia","Tecnología / Electrónica","comercio","Comercio y economía","palabra en el nombre"
"name","computadores","tecnologia","Tecnología / Electrónica","comercio","Comercio y economía","palabra en el nombre"
"shop","computer","tecnologia","Tecnología / Electrónica","comercio","Comercio y economía","etiqueta OSM"
"name","electronica","tecnologia","Tecnología / Electrónica","comercio","Comercio y economía","palabra en el nombre"
"shop","electronics","tecnologia","Tecnología / Electrónica","comercio","Comercio y economía","etiqueta OSM"
"shop","hifi","tecnologia","Tecnología / Electrónica","comercio","Comercio y economía","etiqueta OSM"
"shop","mobile_phone","tecnologia","Tecnología / Electrónica","comercio","Comercio y economía","etiqueta OSM"
"shop","photo","tecnologia","Tecnología / Electrónica","comercio","Comercio y economía","etiqueta OSM"
"shop","printer_ink","tecnologia","Tecnología / Electrónica","comercio","Comercio y economía","etiqueta OSM"
"name","sistemas","tecnologia","Tecnología / Electrónica","comercio","Comercio y economía","palabra en el nombre"
"name","tecnologia","tecnologia","Tecnología / Electrónica","comercio","Comercio y economía","palabra en el nombre"
"shop","telecommunication","tecnologia","Tecnología / Electrónica","comercio","Comercio y economía","etiqueta OSM"
"shop","video_games","tecnologia","Tecnología / Electrónica","comercio","Comercio y economía","etiqueta OSM"
"shop","butcher","tienda_barrio","Tienda de barrio","comercio","Comercio y economía","etiqueta OSM"
"shop","cheese","tienda_barrio","Tienda de barrio","comercio","Comercio y economía","etiqueta OSM"
"shop","chocolate","tienda_barrio","Tienda de barrio","comercio","Comercio y economía","etiqueta OSM"
"shop","convenience","tienda_barrio","Tienda de barrio","comercio","Comercio y economía","etiqueta OSM"
"shop","dairy","tienda_barrio","Tienda de barrio","comercio","Comercio y economía","etiqueta OSM"
"shop","deli","tienda_barrio","Tienda de barrio","comercio","Comercio y economía","etiqueta OSM"
"shop","farm","tienda_barrio","Tienda de barrio","comercio","Comercio y economía","etiqueta OSM"
"shop","food","tienda_barrio","Tienda de barrio","comercio","Comercio y economía","etiqueta OSM"
"shop","frozen_food","tienda_barrio","Tienda de barrio","comercio","Comercio y economía","etiqueta OSM"
"shop","general","tienda_barrio","Tienda de barrio","comercio","Comercio y economía","etiqueta OSM"
"shop","greengrocer","tienda_barrio","Tienda de barrio","comercio","Comercio y economía","etiqueta OSM"
"shop","grocery","tienda_barrio","Tienda de barrio","comercio","Comercio y economía","etiqueta OSM"
"shop","health_food","tienda_barrio","Tienda de barrio","comercio","Comercio y economía","etiqueta OSM"
"shop","kiosk","tienda_barrio","Tienda de barrio","comercio","Comercio y economía","etiqueta OSM"
"shop","nuts","tienda_barrio","Tienda de barrio","comercio","Comercio y economía","etiqueta OSM"
"shop","seafood","tienda_barrio","Tienda de barrio","comercio","Comercio y economía","etiqueta OSM"
"shop","spices","tienda_barrio","Tienda de barrio","comercio","Comercio y economía","etiqueta OSM"
"shop","bicycle","tienda_deportes","Tienda deportiva","comercio","Comercio y economía","etiqueta OSM"
"shop","fishing","tienda_deportes","Tienda deportiva","comercio","Comercio y economía","etiqueta OSM"
"shop","hunting","tienda_deportes","Tienda deportiva","comercio","Comercio y economía","etiqueta OSM"
"shop","outdoor","tienda_deportes","Tienda deportiva","comercio","Comercio y economía","etiqueta OSM"
"shop","sports","tienda_deportes","Tienda deportiva","comercio","Comercio y economía","etiqueta OSM"
"name/brand","ara","tienda_descuento","Tienda de descuento","comercio","Comercio y economía","marca reconocida"
"name/brand","d1","tienda_descuento","Tienda de descuento","comercio","Comercio y economía","marca reconocida"
"name/brand","dollarcity","tienda_descuento","Tienda de descuento","comercio","Comercio y economía","marca reconocida"
"name/brand","justo bueno","tienda_descuento","Tienda de descuento","comercio","Comercio y economía","marca reconocida"
"name/brand","surtimax","tienda_descuento","Tienda de descuento","comercio","Comercio y economía","marca reconocida"
"shop","art","variedades","Variedades / Regalos","comercio","Comercio y economía","etiqueta OSM"
"name","bazar","variedades","Variedades / Regalos","comercio","Comercio y economía","palabra en el nombre"
"name","cacharreria","variedades","Variedades / Regalos","comercio","Comercio y economía","palabra en el nombre"
"shop","charity","variedades","Variedades / Regalos","comercio","Comercio y economía","etiqueta OSM"
"shop","collector","variedades","Variedades / Regalos","comercio","Comercio y economía","etiqueta OSM"
"shop","craft","variedades","Variedades / Regalos","comercio","Comercio y economía","etiqueta OSM"
"shop","erotic","variedades","Variedades / Regalos","comercio","Comercio y economía","etiqueta OSM"
"shop","games","variedades","Variedades / Regalos","comercio","Comercio y economía","etiqueta OSM"
"shop","gift","variedades","Variedades / Regalos","comercio","Comercio y economía","etiqueta OSM"
"shop","music","variedades","Variedades / Regalos","comercio","Comercio y economía","etiqueta OSM"
"shop","musical_instrument","variedades","Variedades / Regalos","comercio","Comercio y economía","etiqueta OSM"
"shop","party","variedades","Variedades / Regalos","comercio","Comercio y economía","etiqueta OSM"
"name","regalos","variedades","Variedades / Regalos","comercio","Comercio y economía","palabra en el nombre"
"shop","religion","variedades","Variedades / Regalos","comercio","Comercio y economía","etiqueta OSM"
"shop","ticket","variedades","Variedades / Regalos","comercio","Comercio y economía","etiqueta OSM"
"name","todo a mil","variedades","Variedades / Regalos","comercio","Comercio y economía","palabra en el nombre"
"shop","toys","variedades","Variedades / Regalos","comercio","Comercio y economía","etiqueta OSM"
"name","variedades","variedades","Variedades / Regalos","comercio","Comercio y economía","palabra en el nombre"
"shop","variety_store","variedades","Variedades / Regalos","comercio","Comercio y economía","etiqueta OSM"
"shop","video","variedades","Variedades / Regalos","comercio","Comercio y economía","etiqueta OSM"
"shop","agrarian","vivero","Vivero / Floristería","comercio","Comercio y economía","etiqueta OSM"
"name","agroinsumos","vivero","Vivero / Floristería","comercio","Comercio y economía","palabra en el nombre"
"name","agropecuaria","vivero","Vivero / Floristería","comercio","Comercio y economía","palabra en el nombre"
"shop","florist","vivero","Vivero / Floristería","comercio","Comercio y economía","etiqueta OSM"
"name","floristeria","vivero","Vivero / Floristería","comercio","Comercio y economía","palabra en el nombre"
"shop","garden_centre","vivero","Vivero / Floristería","comercio","Comercio y economía","etiqueta OSM"
"shop","houseplant","vivero","Vivero / Floristería","comercio","Comercio y economía","etiqueta OSM"
"name","vivero","vivero","Vivero / Floristería","comercio","Comercio y economía","palabra en el nombre"
"amenity","driving_school","capacitacion","Centro de formación","cultura","Cultura, educación y culto","etiqueta OSM"
"office","educational_institution","capacitacion","Centro de formación","cultura","Cultura, educación y culto","etiqueta OSM"
"amenity","language_school","capacitacion","Centro de formación","cultura","Cultura, educación y culto","etiqueta OSM"
"amenity","music_school","capacitacion","Centro de formación","cultura","Cultura, educación y culto","etiqueta OSM"
"amenity","prep_school","capacitacion","Centro de formación","cultura","Cultura, educación y culto","etiqueta OSM"
"amenity","training","capacitacion","Centro de formación","cultura","Cultura, educación y culto","etiqueta OSM"
"amenity","childcare","colegio","Colegio / Jardín","cultura","Cultura, educación y culto","etiqueta OSM"
"name/brand","colegio","colegio","Colegio / Jardín","cultura","Cultura, educación y culto","marca reconocida"
"name","colegio","colegio","Colegio / Jardín","cultura","Cultura, educación y culto","palabra en el nombre"
"landuse","education","colegio","Colegio / Jardín","cultura","Cultura, educación y culto","etiqueta OSM"
"name","escuela","colegio","Colegio / Jardín","cultura","Cultura, educación y culto","palabra en el nombre"
"name/brand","gimnasio campestre","colegio","Colegio / Jardín","cultura","Cultura, educación y culto","marca reconocida"
"name","gimnasio campestre","colegio","Colegio / Jardín","cultura","Cultura, educación y culto","palabra en el nombre"
"name/brand","gimnasio moderno","colegio","Colegio / Jardín","cultura","Cultura, educación y culto","marca reconocida"
"name","gimnasio moderno","colegio","Colegio / Jardín","cultura","Cultura, educación y culto","palabra en el nombre"
"name/brand","institucion educativa","colegio","Colegio / Jardín","cultura","Cultura, educación y culto","marca reconocida"
"name","institucion educativa","colegio","Colegio / Jardín","cultura","Cultura, educación y culto","palabra en el nombre"
"name/brand","jardin infantil","colegio","Colegio / Jardín","cultura","Cultura, educación y culto","marca reconocida"
"name","jardin infantil","colegio","Colegio / Jardín","cultura","Cultura, educación y culto","palabra en el nombre"
"amenity","kindergarten","colegio","Colegio / Jardín","cultura","Cultura, educación y culto","etiqueta OSM"
"building","kindergarten","colegio","Colegio / Jardín","cultura","Cultura, educación y culto","etiqueta OSM"
"name/brand","liceo","colegio","Colegio / Jardín","cultura","Cultura, educación y culto","marca reconocida"
"name","liceo","colegio","Colegio / Jardín","cultura","Cultura, educación y culto","palabra en el nombre"
"name","preescolar","colegio","Colegio / Jardín","cultura","Cultura, educación y culto","palabra en el nombre"
"amenity","school","colegio","Colegio / Jardín","cultura","Cultura, educación y culto","etiqueta OSM"
"building","school","colegio","Colegio / Jardín","cultura","Cultura, educación y culto","etiqueta OSM"
"amenity","arts_centre","cultural","Equipamiento cultural","cultura","Cultura, educación y culto","etiqueta OSM"
"tourism","artwork","cultural","Equipamiento cultural","cultura","Cultura, educación y culto","etiqueta OSM"
"tourism","attraction","cultural","Equipamiento cultural","cultura","Cultura, educación y culto","etiqueta OSM"
"name","biblioteca","cultural","Equipamiento cultural","cultura","Cultura, educación y culto","palabra en el nombre"
"name","casa de la cultura","cultural","Equipamiento cultural","cultura","Cultura, educación y culto","palabra en el nombre"
"name","centro cultural","cultural","Equipamiento cultural","cultura","Cultura, educación y culto","palabra en el nombre"
"amenity","cinema","cultural","Equipamiento cultural","cultura","Cultura, educación y culto","etiqueta OSM"
"amenity","community_centre","cultural","Equipamiento cultural","cultura","Cultura, educación y culto","etiqueta OSM"
"tourism","gallery","cultural","Equipamiento cultural","cultura","Cultura, educación y culto","etiqueta OSM"
"amenity","library","cultural","Equipamiento cultural","cultura","Cultura, educación y culto","etiqueta OSM"
"name","ludoteca","cultural","Equipamiento cultural","cultura","Cultura, educación y culto","palabra en el nombre"
"name","museo","cultural","Equipamiento cultural","cultura","Cultura, educación y culto","palabra en el nombre"
"tourism","museum","cultural","Equipamiento cultural","cultura","Cultura, educación y culto","etiqueta OSM"
"amenity","music_venue","cultural","Equipamiento cultural","cultura","Cultura, educación y culto","etiqueta OSM"
"amenity","planetarium","cultural","Equipamiento cultural","cultura","Cultura, educación y culto","etiqueta OSM"
"amenity","social_centre","cultural","Equipamiento cultural","cultura","Cultura, educación y culto","etiqueta OSM"
"amenity","studio","cultural","Equipamiento cultural","cultura","Cultura, educación y culto","etiqueta OSM"
"name","teatro","cultural","Equipamiento cultural","cultura","Cultura, educación y culto","palabra en el nombre"
"amenity","theatre","cultural","Equipamiento cultural","cultura","Cultura, educación y culto","etiqueta OSM"
"name","capilla","iglesia","Iglesia / Culto","cultura","Cultura, educación y culto","palabra en el nombre"
"building","cathedral","iglesia","Iglesia / Culto","cultura","Cultura, educación y culto","etiqueta OSM"
"name","centro cristiano","iglesia","Iglesia / Culto","cultura","Cultura, educación y culto","palabra en el nombre"
"building","chapel","iglesia","Iglesia / Culto","cultura","Cultura, educación y culto","etiqueta OSM"
"building","church","iglesia","Iglesia / Culto","cultura","Cultura, educación y culto","etiqueta OSM"
"name","congregacion","iglesia","Iglesia / Culto","cultura","Cultura, educación y culto","palabra en el nombre"
"name","iglesia","iglesia","Iglesia / Culto","cultura","Cultura, educación y culto","palabra en el nombre"
"amenity","monastery","iglesia","Iglesia / Culto","cultura","Cultura, educación y culto","etiqueta OSM"
"building","mosque","iglesia","Iglesia / Culto","cultura","Cultura, educación y culto","etiqueta OSM"
"name","parroquia","iglesia","Iglesia / Culto","cultura","Cultura, educación y culto","palabra en el nombre"
"amenity","place_of_worship","iglesia","Iglesia / Culto","cultura","Cultura, educación y culto","etiqueta OSM"
"landuse","religious","iglesia","Iglesia / Culto","cultura","Cultura, educación y culto","etiqueta OSM"
"building","synagogue","iglesia","Iglesia / Culto","cultura","Cultura, educación y culto","etiqueta OSM"
"building","temple","iglesia","Iglesia / Culto","cultura","Cultura, educación y culto","etiqueta OSM"
"name","templo","iglesia","Iglesia / Culto","cultura","Cultura, educación y culto","palabra en el nombre"
"amenity","college","universidad","Universidad / Instituto","cultura","Cultura, educación y culto","etiqueta OSM"
"building","college","universidad","Universidad / Instituto","cultura","Cultura, educación y culto","etiqueta OSM"
"name/brand","instituto tecnico","universidad","Universidad / Instituto","cultura","Cultura, educación y culto","marca reconocida"
"name/brand","politecnico","universidad","Universidad / Instituto","cultura","Cultura, educación y culto","marca reconocida"
"office","research","universidad","Universidad / Instituto","cultura","Cultura, educación y culto","etiqueta OSM"
"amenity","research_institute","universidad","Universidad / Instituto","cultura","Cultura, educación y culto","etiqueta OSM"
"name/brand","sena","universidad","Universidad / Instituto","cultura","Cultura, educación y culto","marca reconocida"
"name/brand","udes","universidad","Universidad / Instituto","cultura","Cultura, educación y culto","marca reconocida"
"name/brand","ufps","universidad","Universidad / Instituto","cultura","Cultura, educación y culto","marca reconocida"
"name/brand","uniminuto","universidad","Universidad / Instituto","cultura","Cultura, educación y culto","marca reconocida"
"name/brand","unipamplona","universidad","Universidad / Instituto","cultura","Cultura, educación y culto","marca reconocida"
"name/brand","universidad","universidad","Universidad / Instituto","cultura","Cultura, educación y culto","marca reconocida"
"amenity","university","universidad","Universidad / Instituto","cultura","Cultura, educación y culto","etiqueta OSM"
"building","university","universidad","Universidad / Instituto","cultura","Cultura, educación y culto","etiqueta OSM"
"name","bodega","bodega","Bodega / Logística","industria","Industria y logística","palabra en el nombre"
"name","deposito","bodega","Bodega / Logística","industria","Industria y logística","palabra en el nombre"
"landuse","depot","bodega","Bodega / Logística","industria","Industria y logística","etiqueta OSM"
"name","distribuciones","bodega","Bodega / Logística","industria","Industria y logística","palabra en el nombre"
"name","distribuidora","bodega","Bodega / Logística","industria","Industria y logística","palabra en el nombre"
"building","hangar","bodega","Bodega / Logística","industria","Industria y logística","etiqueta OSM"
"amenity","loading_dock","bodega","Bodega / Logística","industria","Industria y logística","etiqueta OSM"
"name","logistica","bodega","Bodega / Logística","industria","Industria y logística","palabra en el nombre"
"office","logistics","bodega","Bodega / Logística","industria","Industria y logística","etiqueta OSM"
"name","mayorista","bodega","Bodega / Logística","industria","Industria y logística","palabra en el nombre"
"shop","storage_rental","bodega","Bodega / Logística","industria","Industria y logística","etiqueta OSM"
"building","warehouse","bodega","Bodega / Logística","industria","Industria y logística","etiqueta OSM"
"landuse","industrial","industria","Industria","industria","Industria y logística","etiqueta OSM"
"building","industrial","industria","Industria","industria","Industria y logística","etiqueta OSM"
"landuse","quarry","industria","Industria","industria","Industria y logística","etiqueta OSM"
"amenity","baby_hatch","bienestar_social","Bienestar social del Estado","institucional","Institucional y gobierno","etiqueta OSM"
"amenity","social_facility","bienestar_social","Bienestar social del Estado","institucional","Institucional y gobierno","etiqueta OSM"
"building","civic","gobierno","Entidad pública","institucional","Institucional y gobierno","etiqueta OSM"
"amenity","courthouse","gobierno","Entidad pública","institucional","Institucional y gobierno","etiqueta OSM"
"amenity","customs","gobierno","Entidad pública","institucional","Institucional y gobierno","etiqueta OSM"
"office","diplomatic","gobierno","Entidad pública","institucional","Institucional y gobierno","etiqueta OSM"
"amenity","embassy","gobierno","Entidad pública","institucional","Institucional y gobierno","etiqueta OSM"
"office","government","gobierno","Entidad pública","institucional","Institucional y gobierno","etiqueta OSM"
"building","government","gobierno","Entidad pública","institucional","Institucional y gobierno","etiqueta OSM"
"landuse","institutional","gobierno","Entidad pública","institucional","Institucional y gobierno","etiqueta OSM"
"landuse","military","gobierno","Entidad pública","institucional","Institucional y gobierno","etiqueta OSM"
"amenity","post_office","gobierno","Entidad pública","institucional","Institucional y gobierno","etiqueta OSM"
"amenity","prison","gobierno","Entidad pública","institucional","Institucional y gobierno","etiqueta OSM"
"building","public","gobierno","Entidad pública","institucional","Institucional y gobierno","etiqueta OSM"
"amenity","public_building","gobierno","Entidad pública","institucional","Institucional y gobierno","etiqueta OSM"
"amenity","ranger_station","gobierno","Entidad pública","institucional","Institucional y gobierno","etiqueta OSM"
"amenity","register_office","gobierno","Entidad pública","institucional","Institucional y gobierno","etiqueta OSM"
"amenity","townhall","gobierno","Entidad pública","institucional","Institucional y gobierno","etiqueta OSM"
"office","lawyer","notaria","Notaría / Jurídico","institucional","Institucional y gobierno","etiqueta OSM"
"office","notary","notaria","Notaría / Jurídico","institucional","Institucional y gobierno","etiqueta OSM"
"name","cai","policia","Policía / CAI","institucional","Institucional y gobierno","palabra en el nombre"
"name","comando de policia","policia","Policía / CAI","institucional","Institucional y gobierno","palabra en el nombre"
"name","estacion de policia","policia","Policía / CAI","institucional","Institucional y gobierno","palabra en el nombre"
"amenity","police","policia","Policía / CAI","institucional","Institucional y gobierno","etiqueta OSM"
"name","caseta comunal","salon_comunal","Salón comunal / multiusos","institucional","Institucional y gobierno","palabra en el nombre"
"name","jac","salon_comunal","Salón comunal / multiusos","institucional","Institucional y gobierno","palabra en el nombre"
"name","junta de accion comunal","salon_comunal","Salón comunal / multiusos","institucional","Institucional y gobierno","palabra en el nombre"
"building","multiusos","salon_comunal","Salón comunal / multiusos","institucional","Institucional y gobierno","etiqueta OSM"
"name","salon comunal","salon_comunal","Salón comunal / multiusos","institucional","Institucional y gobierno","palabra en el nombre"
"office","accountant","oficina","Oficina","mixtos","Usos combinados","etiqueta OSM"
"office","advertising_agency","oficina","Oficina","mixtos","Usos combinados","etiqueta OSM"
"office","architect","oficina","Oficina","mixtos","Usos combinados","etiqueta OSM"
"office","association","oficina","Oficina","mixtos","Usos combinados","etiqueta OSM"
"office","charity","oficina","Oficina","mixtos","Usos combinados","etiqueta OSM"
"office","company","oficina","Oficina","mixtos","Usos combinados","etiqueta OSM"
"office","construction_company","oficina","Oficina","mixtos","Usos combinados","etiqueta OSM"
"office","consulting","oficina","Oficina","mixtos","Usos combinados","etiqueta OSM"
"office","coworking","oficina","Oficina","mixtos","Usos combinados","etiqueta OSM"
"amenity","coworking_space","oficina","Oficina","mixtos","Usos combinados","etiqueta OSM"
"office","employment_agency","oficina","Oficina","mixtos","Usos combinados","etiqueta OSM"
"office","energy_supplier","oficina","Oficina","mixtos","Usos combinados","etiqueta OSM"
"office","engineer","oficina","Oficina","mixtos","Usos combinados","etiqueta OSM"
"shop","estate_agent","oficina","Oficina","mixtos","Usos combinados","etiqueta OSM"
"office","estate_agent","oficina","Oficina","mixtos","Usos combinados","etiqueta OSM"
"office","financial","oficina","Oficina","mixtos","Usos combinados","etiqueta OSM"
"office","financial_advisor","oficina","Oficina","mixtos","Usos combinados","etiqueta OSM"
"office","forestry","oficina","Oficina","mixtos","Usos combinados","etiqueta OSM"
"office","foundation","oficina","Oficina","mixtos","Usos combinados","etiqueta OSM"
"office","graphic_design","oficina","Oficina","mixtos","Usos combinados","etiqueta OSM"
"shop","insurance","oficina","Oficina","mixtos","Usos combinados","etiqueta OSM"
"office","insurance","oficina","Oficina","mixtos","Usos combinados","etiqueta OSM"
"office","it","oficina","Oficina","mixtos","Usos combinados","etiqueta OSM"
"office","moving_company","oficina","Oficina","mixtos","Usos combinados","etiqueta OSM"
"office","newspaper","oficina","Oficina","mixtos","Usos combinados","etiqueta OSM"
"office","ngo","oficina","Oficina","mixtos","Usos combinados","etiqueta OSM"
"building","office","oficina","Oficina","mixtos","Usos combinados","etiqueta OSM"
"office","political_party","oficina","Oficina","mixtos","Usos combinados","etiqueta OSM"
"office","property_management","oficina","Oficina","mixtos","Usos combinados","etiqueta OSM"
"office","religion","oficina","Oficina","mixtos","Usos combinados","etiqueta OSM"
"office","security","oficina","Oficina","mixtos","Usos combinados","etiqueta OSM"
"office","surveyor","oficina","Oficina","mixtos","Usos combinados","etiqueta OSM"
"office","tax_advisor","oficina","Oficina","mixtos","Usos combinados","etiqueta OSM"
"office","telecommunication","oficina","Oficina","mixtos","Usos combinados","etiqueta OSM"
"shop","travel_agency","oficina","Oficina","mixtos","Usos combinados","etiqueta OSM"
"office","travel_agent","oficina","Oficina","mixtos","Usos combinados","etiqueta OSM"
"office","union","oficina","Oficina","mixtos","Usos combinados","etiqueta OSM"
"office","visa","oficina","Oficina","mixtos","Usos combinados","etiqueta OSM"
"office","water_utility","oficina","Oficina","mixtos","Usos combinados","etiqueta OSM"
"office","yes","oficina","Oficina","mixtos","Usos combinados","etiqueta OSM"
"landuse","brownfield","baldio","Lote sin desarrollar","riesgo","Riesgo, deterioro y suelo sin definir","etiqueta OSM"
"landuse","greenfield","baldio","Lote sin desarrollar","riesgo","Riesgo, deterioro y suelo sin definir","etiqueta OSM"
"landuse","construction","en_obra","En obra / Construcción","riesgo","Riesgo, deterioro y suelo sin definir","etiqueta OSM"
"building","construction","en_obra","En obra / Construcción","riesgo","Riesgo, deterioro y suelo sin definir","etiqueta OSM"
"shop","vacant","local_vacio","Local desocupado","riesgo","Riesgo, deterioro y suelo sin definir","etiqueta OSM"
"building","ruins","ruina","Edificación en ruina","riesgo","Riesgo, deterioro y suelo sin definir","etiqueta OSM"
"amenity","fire_station","bomberos","Bomberos / Rescate","salud","Salud y emergencias","etiqueta OSM"
"building","fire_station","bomberos","Bomberos / Rescate","salud","Salud y emergencias","etiqueta OSM"
"name/brand","audifarma","drogueria","Droguería","salud","Salud y emergencias","marca reconocida"
"shop","chemist","drogueria","Droguería","salud","Salud y emergencias","etiqueta OSM"
"name/brand","colsubsidio drog","drogueria","Droguería","salud","Salud y emergencias","marca reconocida"
"name/brand","copservir","drogueria","Droguería","salud","Salud y emergencias","marca reconocida"
"name/brand","cruz verde","drogueria","Droguería","salud","Salud y emergencias","marca reconocida"
"name/brand","droga la econom","drogueria","Droguería","salud","Salud y emergencias","marca reconocida"
"name/brand","drogas olimpica","drogueria","Droguería","salud","Salud y emergencias","marca reconocida"
"name/brand","drogueria","drogueria","Droguería","salud","Salud y emergencias","marca reconocida"
"name/brand","farmacia","drogueria","Droguería","salud","Salud y emergencias","marca reconocida"
"name/brand","farmacia pasteur","drogueria","Droguería","salud","Salud y emergencias","marca reconocida"
"name/brand","farmatodo","drogueria","Droguería","salud","Salud y emergencias","marca reconocida"
"name/brand","la rebaja","drogueria","Droguería","salud","Salud y emergencias","marca reconocida"
"name/brand","locatel","drogueria","Droguería","salud","Salud y emergencias","marca reconocida"
"amenity","pharmacy","drogueria","Droguería","salud","Salud y emergencias","etiqueta OSM"
"healthcare","pharmacy","drogueria","Droguería","salud","Salud y emergencias","etiqueta OSM"
"amenity","nursing_home","hogar_cuidado","Hogar geriátrico / cuidado","salud","Salud y emergencias","etiqueta OSM"
"healthcare","rehabilitation","hogar_cuidado","Hogar geriátrico / cuidado","salud","Salud y emergencias","etiqueta OSM"
"amenity","blood_donation","laboratorio","Laboratorio","salud","Salud y emergencias","etiqueta OSM"
"healthcare","blood_donation","laboratorio","Laboratorio","salud","Salud y emergencias","etiqueta OSM"
"name","laboratorio clinico","laboratorio","Laboratorio","salud","Salud y emergencias","palabra en el nombre"
"name","laboratorio medico","laboratorio","Laboratorio","salud","Salud y emergencias","palabra en el nombre"
"healthcare","laboratory","laboratorio","Laboratorio","salud","Salud y emergencias","etiqueta OSM"
"healthcare","sample_collection","laboratorio","Laboratorio","salud","Salud y emergencias","etiqueta OSM"
"healthcare","audiologist","optica","Óptica / Audiología","salud","Salud y emergencias","etiqueta OSM"
"shop","hearing_aids","optica","Óptica / Audiología","salud","Salud y emergencias","etiqueta OSM"
"name","optica","optica","Óptica / Audiología","salud","Salud y emergencias","palabra en el nombre"
"shop","optician","optica","Óptica / Audiología","salud","Salud y emergencias","etiqueta OSM"
"name","optometr","optica","Óptica / Audiología","salud","Salud y emergencias","palabra en el nombre"
"healthcare","optometrist","optica","Óptica / Audiología","salud","Salud y emergencias","etiqueta OSM"
"healthcare","centre","salud_ips","IPS / Clínica","salud","Salud y emergencias","etiqueta OSM"
"name/brand","centro medico","salud_ips","IPS / Clínica","salud","Salud y emergencias","marca reconocida"
"name","centro medico","salud_ips","IPS / Clínica","salud","Salud y emergencias","palabra en el nombre"
"amenity","clinic","salud_ips","IPS / Clínica","salud","Salud y emergencias","etiqueta OSM"
"healthcare","clinic","salud_ips","IPS / Clínica","salud","Salud y emergencias","etiqueta OSM"
"building","clinic","salud_ips","IPS / Clínica","salud","Salud y emergencias","etiqueta OSM"
"name/brand","clinica","salud_ips","IPS / Clínica","salud","Salud y emergencias","marca reconocida"
"name","clinica","salud_ips","IPS / Clínica","salud","Salud y emergencias","palabra en el nombre"
"name/brand","colsanitas","salud_ips","IPS / Clínica","salud","Salud y emergencias","marca reconocida"
"name/brand","compensar","salud_ips","IPS / Clínica","salud","Salud y emergencias","marca reconocida"
"name/brand","coomeva","salud_ips","IPS / Clínica","salud","Salud y emergencias","marca reconocida"
"amenity","dentist","salud_ips","IPS / Clínica","salud","Salud y emergencias","etiqueta OSM"
"healthcare","dentist","salud_ips","IPS / Clínica","salud","Salud y emergencias","etiqueta OSM"
"healthcare","doctor","salud_ips","IPS / Clínica","salud","Salud y emergencias","etiqueta OSM"
"amenity","doctors","salud_ips","IPS / Clínica","salud","Salud y emergencias","etiqueta OSM"
"name/brand","eps","salud_ips","IPS / Clínica","salud","Salud y emergencias","marca reconocida"
"name","eps","salud_ips","IPS / Clínica","salud","Salud y emergencias","palabra en el nombre"
"name/brand","famisanar","salud_ips","IPS / Clínica","salud","Salud y emergencias","marca reconocida"
"amenity","health_post","salud_ips","IPS / Clínica","salud","Salud y emergencias","etiqueta OSM"
"amenity","hospital","salud_ips","IPS / Clínica","salud","Salud y emergencias","etiqueta OSM"
"healthcare","hospital","salud_ips","IPS / Clínica","salud","Salud y emergencias","etiqueta OSM"
"building","hospital","salud_ips","IPS / Clínica","salud","Salud y emergencias","etiqueta OSM"
"name/brand","hospital","salud_ips","IPS / Clínica","salud","Salud y emergencias","marca reconocida"
"name/brand","ips","salud_ips","IPS / Clínica","salud","Salud y emergencias","marca reconocida"
"name","ips","salud_ips","IPS / Clínica","salud","Salud y emergencias","palabra en el nombre"
"name/brand","medimas","salud_ips","IPS / Clínica","salud","Salud y emergencias","marca reconocida"
"healthcare","midwife","salud_ips","IPS / Clínica","salud","Salud y emergencias","etiqueta OSM"
"name/brand","nueva eps","salud_ips","IPS / Clínica","salud","Salud y emergencias","marca reconocida"
"healthcare","physiotherapist","salud_ips","IPS / Clínica","salud","Salud y emergencias","etiqueta OSM"
"name","puesto de salud","salud_ips","IPS / Clínica","salud","Salud y emergencias","palabra en el nombre"
"name/brand","salud total","salud_ips","IPS / Clínica","salud","Salud y emergencias","marca reconocida"
"name/brand","sanitas","salud_ips","IPS / Clínica","salud","Salud y emergencias","marca reconocida"
"name/brand","sura","salud_ips","IPS / Clínica","salud","Salud y emergencias","marca reconocida"
"name","unidad basica","salud_ips","IPS / Clínica","salud","Salud y emergencias","palabra en el nombre"
"healthcare","alternative","salud_otro","Servicio de salud","salud","Salud y emergencias","etiqueta OSM"
"healthcare","birthing_centre","salud_otro","Servicio de salud","salud","Salud y emergencias","etiqueta OSM"
"healthcare","counselling","salud_otro","Servicio de salud","salud","Salud y emergencias","etiqueta OSM"
"healthcare","dialysis","salud_otro","Servicio de salud","salud","Salud y emergencias","etiqueta OSM"
"amenity","first_aid","salud_otro","Servicio de salud","salud","Salud y emergencias","etiqueta OSM"
"shop","herbalist","salud_otro","Servicio de salud","salud","Salud y emergencias","etiqueta OSM"
"shop","medical_supply","salud_otro","Servicio de salud","salud","Salud y emergencias","etiqueta OSM"
"healthcare","nurse","salud_otro","Servicio de salud","salud","Salud y emergencias","etiqueta OSM"
"shop","nutrition_supplements","salud_otro","Servicio de salud","salud","Salud y emergencias","etiqueta OSM"
"healthcare","occupational_therapist","salud_otro","Servicio de salud","salud","Salud y emergencias","etiqueta OSM"
"healthcare","podiatrist","salud_otro","Servicio de salud","salud","Salud y emergencias","etiqueta OSM"
"healthcare","psychotherapist","salud_otro","Servicio de salud","salud","Salud y emergencias","etiqueta OSM"
"healthcare","speech_therapist","salud_otro","Servicio de salud","salud","Salud y emergencias","etiqueta OSM"
"healthcare","vaccination_centre","salud_otro","Servicio de salud","salud","Salud y emergencias","etiqueta OSM"
"healthcare","yes","salud_otro","Servicio de salud","salud","Salud y emergencias","etiqueta OSM"
"name","agroveterinaria","veterinaria","Veterinaria","salud","Salud y emergencias","palabra en el nombre"
"amenity","animal_boarding","veterinaria","Veterinaria","salud","Salud y emergencias","etiqueta OSM"
"amenity","animal_shelter","veterinaria","Veterinaria","salud","Salud y emergencias","etiqueta OSM"
"shop","pet","veterinaria","Veterinaria","salud","Salud y emergencias","etiqueta OSM"
"name","pet shop","veterinaria","Veterinaria","salud","Salud y emergencias","palabra en el nombre"
"shop","pet_grooming","veterinaria","Veterinaria","salud","Salud y emergencias","etiqueta OSM"
"name","veterinaria","veterinaria","Veterinaria","salud","Salud y emergencias","palabra en el nombre"
"amenity","veterinary","veterinaria","Veterinaria","salud","Salud y emergencias","etiqueta OSM"
"shop","veterinary","veterinaria","Veterinaria","salud","Salud y emergencias","etiqueta OSM"
"amenity","veterinary_pharmacy","veterinaria","Veterinaria","salud","Salud y emergencias","etiqueta OSM"
"amenity","bicycle_rental","bici_publica","Bicicleta pública","servicios","Servicios e infraestructura","etiqueta OSM"
"building","carport","edificacion_menor","Edificación de servicio","servicios","Servicios e infraestructura","etiqueta OSM"
"building","container","edificacion_menor","Edificación de servicio","servicios","Servicios e infraestructura","etiqueta OSM"
"building","garage","edificacion_menor","Edificación de servicio","servicios","Servicios e infraestructura","etiqueta OSM"
"landuse","garages","edificacion_menor","Edificación de servicio","servicios","Servicios e infraestructura","etiqueta OSM"
"building","garages","edificacion_menor","Edificación de servicio","servicios","Servicios e infraestructura","etiqueta OSM"
"building","roof","edificacion_menor","Edificación de servicio","servicios","Servicios e infraestructura","etiqueta OSM"
"building","service","edificacion_menor","Edificación de servicio","servicios","Servicios e infraestructura","etiqueta OSM"
"building","shed","edificacion_menor","Edificación de servicio","servicios","Servicios e infraestructura","etiqueta OSM"
"name","capilla de velaci","funerario","Servicio funerario","servicios","Servicios e infraestructura","palabra en el nombre"
"landuse","cemetery","funerario","Servicio funerario","servicios","Servicios e infraestructura","etiqueta OSM"
"amenity","crematorium","funerario","Servicio funerario","servicios","Servicios e infraestructura","etiqueta OSM"
"shop","funeral_directors","funerario","Servicio funerario","servicios","Servicios e infraestructura","etiqueta OSM"
"amenity","funeral_hall","funerario","Servicio funerario","servicios","Servicios e infraestructura","etiqueta OSM"
"name","funerales","funerario","Servicio funerario","servicios","Servicios e infraestructura","palabra en el nombre"
"name","funeraria","funerario","Servicio funerario","servicios","Servicios e infraestructura","palabra en el nombre"
"amenity","grave_yard","funerario","Servicio funerario","servicios","Servicios e infraestructura","etiqueta OSM"
"name","jardine de paz","funerario","Servicio funerario","servicios","Servicios e infraestructura","palabra en el nombre"
"name","jardine de recuerdo","funerario","Servicio funerario","servicios","Servicios e infraestructura","palabra en el nombre"
"building","bunker","infra_servicios","Infraestructura","servicios","Servicios e infraestructura","etiqueta OSM"
"landuse","landfill","infra_servicios","Infraestructura","servicios","Servicios e infraestructura","etiqueta OSM"
"landuse","port","infra_servicios","Infraestructura","servicios","Servicios e infraestructura","etiqueta OSM"
"landuse","railway","infra_servicios","Infraestructura","servicios","Servicios e infraestructura","etiqueta OSM"
"amenity","recycling","infra_servicios","Infraestructura","servicios","Servicios e infraestructura","etiqueta OSM"
"building","silo","infra_servicios","Infraestructura","servicios","Servicios e infraestructura","etiqueta OSM"
"building","storage_tank","infra_servicios","Infraestructura","servicios","Servicios e infraestructura","etiqueta OSM"
"amenity","waste_disposal","infra_servicios","Infraestructura","servicios","Servicios e infraestructura","etiqueta OSM"
"amenity","waste_transfer_station","infra_servicios","Infraestructura","servicios","Servicios e infraestructura","etiqueta OSM"
"office","courier","mensajeria","Mensajería / Correo","servicios","Servicios e infraestructura","etiqueta OSM"
"amenity","post_box","mensajeria","Mensajería / Correo","servicios","Servicios e infraestructura","etiqueta OSM"
"amenity","post_depot","mensajeria","Mensajería / Correo","servicios","Servicios e infraestructura","etiqueta OSM"
"amenity","bbq","mobiliario","Mobiliario urbano","servicios","Servicios e infraestructura","etiqueta OSM"
"amenity","bench","mobiliario","Mobiliario urbano","servicios","Servicios e infraestructura","etiqueta OSM"
"amenity","bicycle_repair_station","mobiliario","Mobiliario urbano","servicios","Servicios e infraestructura","etiqueta OSM"
"amenity","clock","mobiliario","Mobiliario urbano","servicios","Servicios e infraestructura","etiqueta OSM"
"amenity","compressed_air","mobiliario","Mobiliario urbano","servicios","Servicios e infraestructura","etiqueta OSM"
"amenity","device_charging_station","mobiliario","Mobiliario urbano","servicios","Servicios e infraestructura","etiqueta OSM"
"amenity","drinking_water","mobiliario","Mobiliario urbano","servicios","Servicios e infraestructura","etiqueta OSM"
"amenity","fountain","mobiliario","Mobiliario urbano","servicios","Servicios e infraestructura","etiqueta OSM"
"amenity","give_box","mobiliario","Mobiliario urbano","servicios","Servicios e infraestructura","etiqueta OSM"
"amenity","hunting_stand","mobiliario","Mobiliario urbano","servicios","Servicios e infraestructura","etiqueta OSM"
"tourism","information","mobiliario","Mobiliario urbano","servicios","Servicios e infraestructura","etiqueta OSM"
"amenity","kitchen","mobiliario","Mobiliario urbano","servicios","Servicios e infraestructura","etiqueta OSM"
"amenity","lounger","mobiliario","Mobiliario urbano","servicios","Servicios e infraestructura","etiqueta OSM"
"amenity","luggage_locker","mobiliario","Mobiliario urbano","servicios","Servicios e infraestructura","etiqueta OSM"
"amenity","parking_entrance","mobiliario","Mobiliario urbano","servicios","Servicios e infraestructura","etiqueta OSM"
"amenity","photo_booth","mobiliario","Mobiliario urbano","servicios","Servicios e infraestructura","etiqueta OSM"
"amenity","public_bookcase","mobiliario","Mobiliario urbano","servicios","Servicios e infraestructura","etiqueta OSM"
"amenity","sanitary_dump_station","mobiliario","Mobiliario urbano","servicios","Servicios e infraestructura","etiqueta OSM"
"amenity","shelter","mobiliario","Mobiliario urbano","servicios","Servicios e infraestructura","etiqueta OSM"
"amenity","shower","mobiliario","Mobiliario urbano","servicios","Servicios e infraestructura","etiqueta OSM"
"amenity","smoking_area","mobiliario","Mobiliario urbano","servicios","Servicios e infraestructura","etiqueta OSM"
"amenity","stage","mobiliario","Mobiliario urbano","servicios","Servicios e infraestructura","etiqueta OSM"
"amenity","telephone","mobiliario","Mobiliario urbano","servicios","Servicios e infraestructura","etiqueta OSM"
"building","tent","mobiliario","Mobiliario urbano","servicios","Servicios e infraestructura","etiqueta OSM"
"amenity","toilets","mobiliario","Mobiliario urbano","servicios","Servicios e infraestructura","etiqueta OSM"
"building","toilets","mobiliario","Mobiliario urbano","servicios","Servicios e infraestructura","etiqueta OSM"
"amenity","trolley_bay","mobiliario","Mobiliario urbano","servicios","Servicios e infraestructura","etiqueta OSM"
"amenity","vacuum_cleaner","mobiliario","Mobiliario urbano","servicios","Servicios e infraestructura","etiqueta OSM"
"amenity","vending_machine","mobiliario","Mobiliario urbano","servicios","Servicios e infraestructura","etiqueta OSM"
"amenity","waste_basket","mobiliario","Mobiliario urbano","servicios","Servicios e infraestructura","etiqueta OSM"
"amenity","water_point","mobiliario","Mobiliario urbano","servicios","Servicios e infraestructura","etiqueta OSM"
"amenity","watering_place","mobiliario","Mobiliario urbano","servicios","Servicios e infraestructura","etiqueta OSM"
"amenity","bus_station","parada_bus","Parada de transporte","servicios","Servicios e infraestructura","etiqueta OSM"
"amenity","ferry_terminal","parada_bus","Parada de transporte","servicios","Servicios e infraestructura","etiqueta OSM"
"building","train_station","parada_bus","Parada de transporte","servicios","Servicios e infraestructura","etiqueta OSM"
"building","transportation","parada_bus","Parada de transporte","servicios","Servicios e infraestructura","etiqueta OSM"
"amenity","bicycle_parking","transporte","Transporte / Parqueo","servicios","Servicios e infraestructura","etiqueta OSM"
"amenity","car_rental","transporte","Transporte / Parqueo","servicios","Servicios e infraestructura","etiqueta OSM"
"amenity","car_sharing","transporte","Transporte / Parqueo","servicios","Servicios e infraestructura","etiqueta OSM"
"name","estacionamiento","transporte","Transporte / Parqueo","servicios","Servicios e infraestructura","palabra en el nombre"
"amenity","motorcycle_parking","transporte","Transporte / Parqueo","servicios","Servicios e infraestructura","etiqueta OSM"
"amenity","motorcycle_rental","transporte","Transporte / Parqueo","servicios","Servicios e infraestructura","etiqueta OSM"
"amenity","parking","transporte","Transporte / Parqueo","servicios","Servicios e infraestructura","etiqueta OSM"
"amenity","parking_space","transporte","Transporte / Parqueo","servicios","Servicios e infraestructura","etiqueta OSM"
"name","parqueadero","transporte","Transporte / Parqueo","servicios","Servicios e infraestructura","palabra en el nombre"
"name","parqueo","transporte","Transporte / Parqueo","servicios","Servicios e infraestructura","palabra en el nombre"
"amenity","taxi","transporte","Transporte / Parqueo","servicios","Servicios e infraestructura","etiqueta OSM"
"name","asentamiento","asentamiento","Asentamiento / poblado","vivienda","Vivienda y ocio","palabra en el nombre"
"name","cabildo","asentamiento","Asentamiento / poblado","vivienda","Vivienda y ocio","palabra en el nombre"
"name","comunidad indigena","asentamiento","Asentamiento / poblado","vivienda","Vivienda y ocio","palabra en el nombre"
"amenity","refugee_site","asentamiento","Asentamiento / poblado","vivienda","Vivienda y ocio","etiqueta OSM"
"name","resguardo","asentamiento","Asentamiento / poblado","vivienda","Vivienda y ocio","palabra en el nombre"
"leisure","adult_gaming_centre","bar_ocio","Bar / Ocio nocturno","vivienda","Vivienda y ocio","etiqueta OSM"
"leisure","amusement_arcade","bar_ocio","Bar / Ocio nocturno","vivienda","Vivienda y ocio","etiqueta OSM"
"amenity","bar","bar_ocio","Bar / Ocio nocturno","vivienda","Vivienda y ocio","etiqueta OSM"
"amenity","biergarten","bar_ocio","Bar / Ocio nocturno","vivienda","Vivienda y ocio","etiqueta OSM"
"amenity","brothel","bar_ocio","Bar / Ocio nocturno","vivienda","Vivienda y ocio","etiqueta OSM"
"amenity","casino","bar_ocio","Bar / Ocio nocturno","vivienda","Vivienda y ocio","etiqueta OSM"
"amenity","gambling","bar_ocio","Bar / Ocio nocturno","vivienda","Vivienda y ocio","etiqueta OSM"
"amenity","nightclub","bar_ocio","Bar / Ocio nocturno","vivienda","Vivienda y ocio","etiqueta OSM"
"amenity","pub","bar_ocio","Bar / Ocio nocturno","vivienda","Vivienda y ocio","etiqueta OSM"
"amenity","stripclub","bar_ocio","Bar / Ocio nocturno","vivienda","Vivienda y ocio","etiqueta OSM"
"sport","athletics","deportivo","Escenario deportivo","vivienda","Vivienda y ocio","etiqueta OSM"
"sport","badminton","deportivo","Escenario deportivo","vivienda","Vivienda y ocio","etiqueta OSM"
"sport","baseball","deportivo","Escenario deportivo","vivienda","Vivienda y ocio","etiqueta OSM"
"sport","basketball","deportivo","Escenario deportivo","vivienda","Vivienda y ocio","etiqueta OSM"
"sport","billiards","deportivo","Escenario deportivo","vivienda","Vivienda y ocio","etiqueta OSM"
"sport","bowls","deportivo","Escenario deportivo","vivienda","Vivienda y ocio","etiqueta OSM"
"sport","chess","deportivo","Escenario deportivo","vivienda","Vivienda y ocio","etiqueta OSM"
"sport","climbing","deportivo","Escenario deportivo","vivienda","Vivienda y ocio","etiqueta OSM"
"sport","cycling","deportivo","Escenario deportivo","vivienda","Vivienda y ocio","etiqueta OSM"
"sport","dance","deportivo","Escenario deportivo","vivienda","Vivienda y ocio","etiqueta OSM"
"amenity","driving_range","deportivo","Escenario deportivo","vivienda","Vivienda y ocio","etiqueta OSM"
"sport","equestrian","deportivo","Escenario deportivo","vivienda","Vivienda y ocio","etiqueta OSM"
"sport","football","deportivo","Escenario deportivo","vivienda","Vivienda y ocio","etiqueta OSM"
"sport","futsal","deportivo","Escenario deportivo","vivienda","Vivienda y ocio","etiqueta OSM"
"sport","golf","deportivo","Escenario deportivo","vivienda","Vivienda y ocio","etiqueta OSM"
"leisure","golf_course","deportivo","Escenario deportivo","vivienda","Vivienda y ocio","etiqueta OSM"
"sport","handball","deportivo","Escenario deportivo","vivienda","Vivienda y ocio","etiqueta OSM"
"leisure","horse_riding","deportivo","Escenario deportivo","vivienda","Vivienda y ocio","etiqueta OSM"
"sport","multi","deportivo","Escenario deportivo","vivienda","Vivienda y ocio","etiqueta OSM"
"sport","padel","deportivo","Escenario deportivo","vivienda","Vivienda y ocio","etiqueta OSM"
"building","pavilion","deportivo","Escenario deportivo","vivienda","Vivienda y ocio","etiqueta OSM"
"leisure","pitch","deportivo","Escenario deportivo","vivienda","Vivienda y ocio","etiqueta OSM"
"sport","racquet","deportivo","Escenario deportivo","vivienda","Vivienda y ocio","etiqueta OSM"
"building","riding_hall","deportivo","Escenario deportivo","vivienda","Vivienda y ocio","etiqueta OSM"
"sport","rugby","deportivo","Escenario deportivo","vivienda","Vivienda y ocio","etiqueta OSM"
"sport","running","deportivo","Escenario deportivo","vivienda","Vivienda y ocio","etiqueta OSM"
"sport","skateboard","deportivo","Escenario deportivo","vivienda","Vivienda y ocio","etiqueta OSM"
"sport","soccer","deportivo","Escenario deportivo","vivienda","Vivienda y ocio","etiqueta OSM"
"leisure","sports_centre","deportivo","Escenario deportivo","vivienda","Vivienda y ocio","etiqueta OSM"
"building","sports_centre","deportivo","Escenario deportivo","vivienda","Vivienda y ocio","etiqueta OSM"
"leisure","sports_hall","deportivo","Escenario deportivo","vivienda","Vivienda y ocio","etiqueta OSM"
"building","sports_hall","deportivo","Escenario deportivo","vivienda","Vivienda y ocio","etiqueta OSM"
"leisure","stadium","deportivo","Escenario deportivo","vivienda","Vivienda y ocio","etiqueta OSM"
"building","stadium","deportivo","Escenario deportivo","vivienda","Vivienda y ocio","etiqueta OSM"
"sport","swimming","deportivo","Escenario deportivo","vivienda","Vivienda y ocio","etiqueta OSM"
"leisure","swimming_area","deportivo","Escenario deportivo","vivienda","Vivienda y ocio","etiqueta OSM"
"leisure","swimming_pool","deportivo","Escenario deportivo","vivienda","Vivienda y ocio","etiqueta OSM"
"sport","table_tennis","deportivo","Escenario deportivo","vivienda","Vivienda y ocio","etiqueta OSM"
"sport","tennis","deportivo","Escenario deportivo","vivienda","Vivienda y ocio","etiqueta OSM"
"leisure","track","deportivo","Escenario deportivo","vivienda","Vivienda y ocio","etiqueta OSM"
"sport","volleyball","deportivo","Escenario deportivo","vivienda","Vivienda y ocio","etiqueta OSM"
"name/brand","athletic","gimnasio","Gimnasio","vivienda","Vivienda y ocio","marca reconocida"
"sport","bodybuilding","gimnasio","Gimnasio","vivienda","Vivienda y ocio","etiqueta OSM"
"name/brand","bodytech","gimnasio","Gimnasio","vivienda","Vivienda y ocio","marca reconocida"
"sport","boxing","gimnasio","Gimnasio","vivienda","Vivienda y ocio","etiqueta OSM"
"sport","crossfit","gimnasio","Gimnasio","vivienda","Vivienda y ocio","etiqueta OSM"
"name/brand","crossfit","gimnasio","Gimnasio","vivienda","Vivienda y ocio","marca reconocida"
"amenity","dojo","gimnasio","Gimnasio","vivienda","Vivienda y ocio","etiqueta OSM"
"name/brand","energy fitness","gimnasio","Gimnasio","vivienda","Vivienda y ocio","marca reconocida"
"sport","fitness","gimnasio","Gimnasio","vivienda","Vivienda y ocio","etiqueta OSM"
"name/brand","fitness 24","gimnasio","Gimnasio","vivienda","Vivienda y ocio","marca reconocida"
"leisure","fitness_centre","gimnasio","Gimnasio","vivienda","Vivienda y ocio","etiqueta OSM"
"leisure","fitness_station","gimnasio","Gimnasio","vivienda","Vivienda y ocio","etiqueta OSM"
"name/brand","gimnasi! campestre","gimnasio","Gimnasio","vivienda","Vivienda y ocio","marca reconocida"
"name/brand","gimnasi! dels","gimnasio","Gimnasio","vivienda","Vivienda y ocio","marca reconocida"
"name/brand","gimnasi! des","gimnasio","Gimnasio","vivienda","Vivienda y ocio","marca reconocida"
"name/brand","gimnasi! femenino","gimnasio","Gimnasio","vivienda","Vivienda y ocio","marca reconocida"
"name/brand","gimnasi! loss","gimnasio","Gimnasio","vivienda","Vivienda y ocio","marca reconocida"
"name/brand","gimnasi! moderno","gimnasio","Gimnasio","vivienda","Vivienda y ocio","marca reconocida"
"name/brand","golds gym","gimnasio","Gimnasio","vivienda","Vivienda y ocio","marca reconocida"
"amenity","gym","gimnasio","Gimnasio","vivienda","Vivienda y ocio","etiqueta OSM"
"sport","gym","gimnasio","Gimnasio","vivienda","Vivienda y ocio","etiqueta OSM"
"name/brand","hard body","gimnasio","Gimnasio","vivienda","Vivienda y ocio","marca reconocida"
"sport","judo","gimnasio","Gimnasio","vivienda","Vivienda y ocio","etiqueta OSM"
"sport","karate","gimnasio","Gimnasio","vivienda","Vivienda y ocio","etiqueta OSM"
"sport","martial_arts","gimnasio","Gimnasio","vivienda","Vivienda y ocio","etiqueta OSM"
"sport","pilates","gimnasio","Gimnasio","vivienda","Vivienda y ocio","etiqueta OSM"
"name/brand","smart fit","gimnasio","Gimnasio","vivienda","Vivienda y ocio","marca reconocida"
"name/brand","smartfit","gimnasio","Gimnasio","vivienda","Vivienda y ocio","marca reconocida"
"name/brand","spinning center","gimnasio","Gimnasio","vivienda","Vivienda y ocio","marca reconocida"
"name/brand","stark gym","gimnasio","Gimnasio","vivienda","Vivienda y ocio","marca reconocida"
"sport","taekwondo","gimnasio","Gimnasio","vivienda","Vivienda y ocio","etiqueta OSM"
"sport","weightlifting","gimnasio","Gimnasio","vivienda","Vivienda y ocio","etiqueta OSM"
"name/brand","world gym","gimnasio","Gimnasio","vivienda","Vivienda y ocio","marca reconocida"
"sport","yoga","gimnasio","Gimnasio","vivienda","Vivienda y ocio","etiqueta OSM"
"tourism","aquarium","ocio_generico","Ocio / Recreación","vivienda","Vivienda y ocio","etiqueta OSM"
"leisure","bandstand","ocio_generico","Ocio / Recreación","vivienda","Vivienda y ocio","etiqueta OSM"
"leisure","beach_resort","ocio_generico","Ocio / Recreación","vivienda","Vivienda y ocio","etiqueta OSM"
"leisure","bleachers","ocio_generico","Ocio / Recreación","vivienda","Vivienda y ocio","etiqueta OSM"
"leisure","bowling_alley","ocio_generico","Ocio / Recreación","vivienda","Vivienda y ocio","etiqueta OSM"
"leisure","dance","ocio_generico","Ocio / Recreación","vivienda","Vivienda y ocio","etiqueta OSM"
"leisure","escape_game","ocio_generico","Ocio / Recreación","vivienda","Vivienda y ocio","etiqueta OSM"
"leisure","firepit","ocio_generico","Ocio / Recreación","vivienda","Vivienda y ocio","etiqueta OSM"
"leisure","fishing","ocio_generico","Ocio / Recreación","vivienda","Vivienda y ocio","etiqueta OSM"
"leisure","hackerspace","ocio_generico","Ocio / Recreación","vivienda","Vivienda y ocio","etiqueta OSM"
"leisure","marina","ocio_generico","Ocio / Recreación","vivienda","Vivienda y ocio","etiqueta OSM"
"leisure","miniature_golf","ocio_generico","Ocio / Recreación","vivienda","Vivienda y ocio","etiqueta OSM"
"leisure","outdoor_seating","ocio_generico","Ocio / Recreación","vivienda","Vivienda y ocio","etiqueta OSM"
"leisure","picnic_table","ocio_generico","Ocio / Recreación","vivienda","Vivienda y ocio","etiqueta OSM"
"amenity","public_bath","ocio_generico","Ocio / Recreación","vivienda","Vivienda y ocio","etiqueta OSM"
"leisure","resort","ocio_generico","Ocio / Recreación","vivienda","Vivienda y ocio","etiqueta OSM"
"amenity","sauna","ocio_generico","Ocio / Recreación","vivienda","Vivienda y ocio","etiqueta OSM"
"leisure","sauna","ocio_generico","Ocio / Recreación","vivienda","Vivienda y ocio","etiqueta OSM"
"leisure","slipway","ocio_generico","Ocio / Recreación","vivienda","Vivienda y ocio","etiqueta OSM"
"tourism","theme_park","ocio_generico","Ocio / Recreación","vivienda","Vivienda y ocio","etiqueta OSM"
"leisure","trampoline_park","ocio_generico","Ocio / Recreación","vivienda","Vivienda y ocio","etiqueta OSM"
"leisure","water_park","ocio_generico","Ocio / Recreación","vivienda","Vivienda y ocio","etiqueta OSM"
"tourism","yes","ocio_generico","Ocio / Recreación","vivienda","Vivienda y ocio","etiqueta OSM"
"tourism","zoo","ocio_generico","Ocio / Recreación","vivienda","Vivienda y ocio","etiqueta OSM"
"leisure","dog_park","parque","Parque / Zona verde","vivienda","Vivienda y ocio","etiqueta OSM"
"leisure","garden","parque","Parque / Zona verde","vivienda","Vivienda y ocio","etiqueta OSM"
"landuse","grass","parque","Parque / Zona verde","vivienda","Vivienda y ocio","etiqueta OSM"
"leisure","park","parque","Parque / Zona verde","vivienda","Vivienda y ocio","etiqueta OSM"
"tourism","picnic_site","parque","Parque / Zona verde","vivienda","Vivienda y ocio","etiqueta OSM"
"leisure","playground","parque","Parque / Zona verde","vivienda","Vivienda y ocio","etiqueta OSM"
"landuse","recreation_ground","parque","Parque / Zona verde","vivienda","Vivienda y ocio","etiqueta OSM"
"tourism","viewpoint","parque","Parque / Zona verde","vivienda","Vivienda y ocio","etiqueta OSM"
"landuse","village_green","parque","Parque / Zona verde","vivienda","Vivienda y ocio","etiqueta OSM"
"leisure","common","plaza","Plaza / Espacio público","vivienda","Vivienda y ocio","etiqueta OSM"
"building","apartments","residencial","Vivienda","vivienda","Vivienda y ocio","etiqueta OSM"
"building","bungalow","residencial","Vivienda","vivienda","Vivienda y ocio","etiqueta OSM"
"building","cabin","residencial","Vivienda","vivienda","Vivienda y ocio","etiqueta OSM"
"building","detached","residencial","Vivienda","vivienda","Vivienda y ocio","etiqueta OSM"
"building","dormitory","residencial","Vivienda","vivienda","Vivienda y ocio","etiqueta OSM"
"building","house","residencial","Vivienda","vivienda","Vivienda y ocio","etiqueta OSM"
"building","hut","residencial","Vivienda","vivienda","Vivienda y ocio","etiqueta OSM"
"landuse","residential","residencial","Vivienda","vivienda","Vivienda y ocio","etiqueta OSM"
"building","residential","residencial","Vivienda","vivienda","Vivienda y ocio","etiqueta OSM"
"building","semidetached_house","residencial","Vivienda","vivienda","Vivienda y ocio","etiqueta OSM"
"building","static_caravan","residencial","Vivienda","vivienda","Vivienda y ocio","etiqueta OSM"
"building","terrace","residencial","Vivienda","vivienda","Vivienda y ocio","etiqueta OSM"
